City_ID,City,Country,Date,Current Description,Lat,Lng,Max Temp,Humidity,Cloudiness,Wind Speed
0,Atuona,PF,2021-05-31 15:24:18,scattered clouds,-9.8,-139.0333,78.66,70,25,11.88
1,Cape Town,ZA,2021-05-31 15:32:31,light rain,-33.9258,18.4232,60.28,84,75,3.0
2,Yellowknife,CA,2021-05-31 15:21:33,few clouds,62.456,-114.3525,47.32,63,20,5.01
3,Punta Arenas,CL,2021-05-31 15:32:18,clear sky,-53.15,-70.9167,32.02,80,0,3.47
4,Roald,NO,2021-05-31 15:26:34,clear sky,62.5833,6.1333,74.16,72,0,13.8
5,Mar Del Plata,AR,2021-05-31 15:31:13,broken clouds,-38.0023,-57.5575,61.09,53,75,1.01
6,New Norfolk,AU,2021-05-31 15:24:53,overcast clouds,-42.7826,147.0587,45.72,84,100,1.01
7,Mataura,NZ,2021-05-31 15:33:59,overcast clouds,-46.1927,168.8643,49.48,96,99,1.86
8,Butaritari,KI,2021-05-31 15:24:24,scattered clouds,3.0707,172.7902,82.6,77,36,15.99
9,Bengkulu,ID,2021-05-31 15:24:23,overcast clouds,-3.8004,102.2655,78.48,87,100,2.42
10,Thompson,CA,2021-05-31 15:21:53,overcast clouds,55.7435,-97.8558,55.56,62,90,4.61
11,Piacabucu,BR,2021-05-31 15:34:00,scattered clouds,-10.4056,-36.4344,82.71,66,34,8.14
12,Carutapera,BR,2021-05-31 15:26:58,few clouds,-1.195,-46.02,87.48,59,19,6.91
13,Batagay,RU,2021-05-31 15:24:41,overcast clouds,67.6333,134.6333,45.79,87,98,2.01
14,Arraial Do Cabo,BR,2021-05-31 15:22:02,overcast clouds,-22.9661,-42.0278,73.36,88,90,10.36
15,Okhotsk,RU,2021-05-31 15:26:15,overcast clouds,59.3833,143.3,38.62,87,100,5.88
16,Vaini,TO,2021-05-31 15:24:09,overcast clouds,-21.2,-175.2,71.76,88,90,10.36
17,Fairbanks,US,2021-05-31 15:26:51,broken clouds,64.8378,-147.7164,57.22,67,75,4.61
18,Severo-Kurilsk,RU,2021-05-31 15:26:20,light rain,50.6789,156.125,37.04,98,100,27.81
19,Busselton,AU,2021-05-31 15:34:01,overcast clouds,-33.65,115.3333,51.08,85,98,5.86
20,Ushuaia,AR,2021-05-31 15:34:01,broken clouds,-54.8,-68.3,31.66,80,75,0.0
21,Albany,US,2021-05-31 15:34:02,overcast clouds,42.6001,-73.9662,54.81,81,100,7.0
22,Hermanus,ZA,2021-05-31 15:23:11,light rain,-34.4187,19.2345,58.89,76,53,10.04
23,Bilibino,RU,2021-05-31 15:29:29,few clouds,68.0546,166.4372,47.07,58,18,2.04
24,Rikitea,PF,2021-05-31 15:34:02,clear sky,-23.1203,-134.9692,73.99,66,0,13.35
25,Narsaq,GL,2021-05-31 15:24:10,broken clouds,60.9167,-46.05,46.62,57,82,7.0
26,Sinnamary,GF,2021-05-31 15:28:31,moderate rain,5.3833,-52.95,76.12,94,100,8.84
27,Motygino,RU,2021-05-31 15:29:09,clear sky,58.1831,94.7592,46.87,68,3,4.12
28,Saskylakh,RU,2021-05-31 15:21:51,broken clouds,71.9167,114.0833,46.63,72,68,13.49
29,Nanortalik,GL,2021-05-31 15:24:19,scattered clouds,60.1432,-45.2371,38.73,78,50,13.0
30,Cidreira,BR,2021-05-31 15:24:12,clear sky,-30.1811,-50.2056,58.1,42,0,7.87
31,Nimes,FR,2021-05-31 15:32:04,clear sky,43.8333,4.35,79.84,46,0,10.36
32,Hobart,AU,2021-05-31 15:30:04,overcast clouds,-42.8794,147.3294,47.05,77,100,3.0
33,Chokurdakh,RU,2021-05-31 15:34:04,scattered clouds,70.6333,147.9167,52.63,55,26,9.04
34,Vatava,RO,2021-05-31 15:34:05,broken clouds,46.9667,24.7667,57.04,76,74,3.31
35,Koluszki,PL,2021-05-31 15:34:05,broken clouds,51.7387,19.8199,64.02,56,84,8.72
36,Jamestown,US,2021-05-31 15:33:22,clear sky,42.097,-79.2353,65.17,41,1,5.01
37,Benguela,AO,2021-05-31 15:27:45,clear sky,-12.5763,13.4055,83.68,48,5,7.18
38,Muros,ES,2021-05-31 15:26:07,scattered clouds,42.7762,-9.0603,82.9,61,34,4.32
39,Sandpoint,US,2021-05-31 15:29:55,clear sky,48.2766,-116.5533,66.72,59,1,0.0
40,Tromso,NO,2021-05-31 15:34:06,broken clouds,69.6496,18.957,54.25,81,75,11.5
41,Coaraci,BR,2021-05-31 15:34:07,overcast clouds,-14.6408,-39.5511,80.04,89,85,4.43
42,Mirnyy,RU,2021-05-31 15:27:22,scattered clouds,62.5353,113.9611,55.15,63,34,5.82
43,Puerto Ayora,EC,2021-05-31 15:24:22,broken clouds,-0.7393,-90.3518,80.56,88,83,5.01
44,Ontario,US,2021-05-31 15:34:07,haze,34.0633,-117.6509,89.04,78,90,0.0
45,Tuatapere,NZ,2021-05-31 15:21:55,broken clouds,-46.1333,167.6833,49.82,85,78,1.45
46,Aketi,CD,2021-05-31 15:34:08,overcast clouds,2.7388,23.7833,82.63,68,99,4.36
47,Palapye,BW,2021-05-31 15:34:08,few clouds,-22.546,27.1251,61.54,60,16,8.52
48,Ishigaki,JP,2021-05-31 15:25:21,overcast clouds,24.3448,124.1572,80.8,86,99,13.02
49,Veraval,IN,2021-05-31 15:34:09,broken clouds,20.9,70.3667,83.82,77,60,13.8
50,San Patricio,US,2021-05-31 15:24:32,scattered clouds,28.017,-97.5169,84.07,68,43,15.26
51,East London,ZA,2021-05-31 15:25:04,clear sky,-33.0153,27.9116,65.34,63,0,3.44
52,Mabaruma,GY,2021-05-31 15:25:04,overcast clouds,8.2,-59.7833,75.13,98,99,3.13
53,Kapaa,US,2021-05-31 15:34:10,clear sky,22.0752,-159.319,71.58,88,1,3.31
54,Zabaykalsk,RU,2021-05-31 15:34:10,few clouds,49.6333,117.3167,43.02,85,24,19.6
55,Khatanga,RU,2021-05-31 15:25:37,moderate rain,71.9667,102.5,35.33,98,100,8.12
56,Dunedin,NZ,2021-05-31 15:26:01,overcast clouds,-45.8742,170.5036,44.8,84,100,11.99
57,Amarpur,IN,2021-05-31 15:34:11,overcast clouds,25.0333,86.9,88.52,63,95,9.98
58,Orangeburg,US,2021-05-31 15:34:11,clear sky,33.4918,-80.8557,75.04,56,1,6.91
59,Yar-Sale,RU,2021-05-31 15:26:33,clear sky,66.8333,70.8333,46.33,37,5,13.24
60,Vilyuysk,RU,2021-05-31 15:34:12,few clouds,63.7553,121.6247,51.13,48,19,1.57
61,Ambovombe,MG,2021-05-31 15:34:12,broken clouds,-25.1667,46.0833,68.67,74,66,13.02
62,Nome,US,2021-05-31 15:20:39,clear sky,64.5011,-165.4064,46.47,61,1,0.0
63,Castellamonte,IT,2021-05-31 15:34:13,scattered clouds,45.382,7.7121,72.95,64,46,3.29
64,Tau,NO,2021-05-31 15:34:13,scattered clouds,59.0667,5.9,70.16,85,41,3.29
65,Vila Do Maio,CV,2021-05-31 15:34:13,broken clouds,15.1333,-23.2167,79.59,84,58,17.27
66,Tourlaville,FR,2021-05-31 15:34:14,clear sky,49.6383,-1.5664,72.19,46,0,12.66
67,Price,US,2021-05-31 15:34:14,clear sky,39.5994,-110.8107,69.12,22,1,10.36
68,Canavieiras,BR,2021-05-31 15:34:15,overcast clouds,-15.675,-38.9472,79.59,70,89,7.05
69,Hilo,US,2021-05-31 15:30:16,moderate rain,19.7297,-155.09,77.29,94,90,4.61
70,Port Alfred,ZA,2021-05-31 15:34:15,overcast clouds,-33.5906,26.891,61.9,71,100,10.02
71,Puerto Escondido,MX,2021-05-31 15:34:16,clear sky,15.85,-97.0667,86.83,74,1,0.0
72,Pevek,RU,2021-05-31 15:24:50,scattered clouds,69.7008,170.3133,36.25,67,36,0.38
73,Ahipara,NZ,2021-05-31 15:24:26,clear sky,-35.1667,173.1667,57.97,78,8,12.97
74,Ixtapa,MX,2021-05-31 15:21:24,broken clouds,20.7,-105.2,80.22,65,75,0.0
75,General Roca,AR,2021-05-31 15:34:17,light rain,-39.0333,-67.5833,55.8,45,100,17.34
76,Lochristi,BE,2021-05-31 15:34:17,clear sky,51.1065,3.8566,78.98,45,2,8.97
77,Andenes,NO,2021-05-31 15:30:15,broken clouds,69.3143,16.1194,53.08,81,75,12.66
78,Ponta Do Sol,PT,2021-05-31 15:24:42,broken clouds,32.6667,-17.1,71.01,72,58,2.55
79,Kununurra,AU,2021-05-31 15:28:54,few clouds,-15.7667,128.7333,64.38,77,22,0.0
80,Biysk,RU,2021-05-31 15:34:18,clear sky,52.5364,85.2072,59.23,75,5,9.04
81,Clairmont,CA,2021-05-31 15:34:19,scattered clouds,55.2667,-118.786,61.16,59,40,10.36
82,Ekhabi,RU,2021-05-31 15:34:19,few clouds,53.5102,142.9671,33.87,87,12,8.75
83,Gisborne,NZ,2021-05-31 15:34:20,overcast clouds,-38.6533,178.0042,46.94,86,99,8.23
84,Kaitangata,NZ,2021-05-31 15:25:06,overcast clouds,-46.2817,169.8464,46.92,84,94,5.46
85,Buala,SB,2021-05-31 15:34:20,light rain,-8.145,159.5921,78.78,87,70,6.31
86,Fort Nelson,CA,2021-05-31 15:26:17,scattered clouds,58.8053,-122.7002,56.79,54,40,3.44
87,Bac Lieu,VN,2021-05-31 15:34:21,scattered clouds,9.285,105.7244,82.96,82,34,6.96
88,Safford,US,2021-05-31 15:28:04,clear sky,32.834,-109.7076,83.32,21,1,13.8
89,Qaanaaq,GL,2021-05-31 15:34:21,overcast clouds,77.484,-69.3632,33.22,89,100,2.35
90,Carnarvon,AU,2021-05-31 15:34:22,clear sky,-24.8667,113.6333,60.87,88,1,9.22
91,Port Hedland,AU,2021-05-31 15:34:22,broken clouds,-20.3167,118.5667,69.85,88,80,5.75
92,Port Hardy,CA,2021-05-31 15:25:19,overcast clouds,50.6996,-127.4199,57.38,88,90,0.0
93,Bambous Virieux,MU,2021-05-31 15:24:22,scattered clouds,-20.3428,57.7575,74.21,83,40,9.48
94,Barrow,US,2021-05-31 15:32:40,overcast clouds,71.2906,-156.7887,28.42,74,90,11.5
95,Nisia Floresta,BR,2021-05-31 15:24:11,broken clouds,-6.0911,-35.2086,85.01,75,77,11.72
96,Hualmay,PE,2021-05-31 15:28:03,overcast clouds,-11.0964,-77.6139,67.64,78,97,6.69
97,Bredasdorp,ZA,2021-05-31 15:34:12,few clouds,-34.5322,20.0403,61.92,63,24,7.76
98,Torbay,CA,2021-05-31 15:26:36,few clouds,47.6666,-52.7314,66.97,32,20,13.8
99,Zhanaozen,KZ,2021-05-31 15:34:23,clear sky,43.3,52.8,80.58,31,0,16.93
100,Coquimbo,CL,2021-05-31 15:22:08,clear sky,-29.9533,-71.3436,62.33,67,0,7.18
101,Airai,TL,2021-05-31 15:27:00,overcast clouds,-8.9266,125.4092,59.61,96,95,1.97
102,Hamilton,US,2021-05-31 15:29:39,clear sky,39.1834,-84.5333,68.95,60,1,1.01
103,Hithadhoo,MV,2021-05-31 15:26:26,broken clouds,-0.6,73.0833,84.07,70,82,16.64
104,Lavrentiya,RU,2021-05-31 15:26:22,few clouds,65.5833,-171.0,28.94,87,22,8.93
105,Clyde River,CA,2021-05-31 15:25:14,clear sky,70.4692,-68.5914,25.03,100,1,4.61
106,Oktyabrskiy,RU,2021-05-31 15:34:24,overcast clouds,54.4815,53.471,51.44,86,91,9.62
107,Leshukonskoye,RU,2021-05-31 15:34:25,broken clouds,64.8989,45.7622,56.53,51,72,9.04
108,Talnakh,RU,2021-05-31 15:24:52,overcast clouds,69.4865,88.3972,32.9,89,100,7.25
109,Socorro,US,2021-05-31 15:34:26,clear sky,31.6546,-106.3033,83.1,44,1,12.37
110,Maarianhamina,AX,2021-05-31 15:34:26,clear sky,60.0973,19.9348,60.66,48,0,18.41
111,Hasaki,JP,2021-05-31 15:34:26,light rain,35.7333,140.8333,61.29,73,88,7.18
112,Bakchar,RU,2021-05-31 15:34:27,few clouds,57.0186,82.0711,65.7,73,15,10.47
113,Wuchi,CN,2021-05-31 15:34:28,broken clouds,29.3786,103.023,57.52,93,73,1.25
114,Sao Filipe,CV,2021-05-31 15:34:28,clear sky,14.8961,-24.4956,74.77,74,10,15.3
115,Bubaque,GW,2021-05-31 15:26:44,overcast clouds,11.2833,-15.8333,78.58,75,100,12.08
116,Port Elizabeth,ZA,2021-05-31 15:34:28,clear sky,-33.918,25.5701,61.09,72,0,24.16
117,Norman Wells,CA,2021-05-31 15:29:38,overcast clouds,65.282,-126.8329,50.04,71,90,2.3
118,Tain,GB,2021-05-31 15:34:29,broken clouds,57.809,-4.0599,74.75,72,71,5.01
119,Rawson,AR,2021-05-31 15:20:50,overcast clouds,-43.3002,-65.1023,46.71,69,100,11.54
120,Faridkot,IN,2021-05-31 15:34:29,broken clouds,30.6667,74.75,86.92,38,84,20.98
121,Longyearbyen,SJ,2021-05-31 15:25:34,broken clouds,78.2186,15.6401,35.44,69,75,10.36
122,Bacungan,PH,2021-05-31 15:34:30,scattered clouds,9.9106,118.7022,80.65,83,40,3.74
123,Carmen,MX,2021-05-31 15:30:59,scattered clouds,18.6333,-91.8333,82.44,78,40,14.97
124,Porto Torres,IT,2021-05-31 15:34:30,broken clouds,40.835,8.3972,77.18,52,54,10.27
125,Cleethorpes,GB,2021-05-31 15:34:31,clear sky,53.5605,-0.0323,71.98,74,0,11.1
126,Togur,RU,2021-05-31 15:34:31,clear sky,58.3631,82.8265,67.39,64,5,11.97
127,Kungurtug,RU,2021-05-31 15:34:32,light rain,50.5994,97.5228,35.76,98,95,2.91
128,Westport,US,2021-05-31 15:27:06,overcast clouds,41.1415,-73.3579,57.94,82,90,1.99
129,Traralgon,AU,2021-05-31 15:25:19,overcast clouds,-38.1833,146.5333,37.42,74,100,1.34
130,Cooma,AU,2021-05-31 15:34:32,broken clouds,-36.2333,149.1333,26.37,93,72,2.39
131,Concordia,AR,2021-05-31 15:34:33,scattered clouds,-31.393,-58.0209,58.78,73,37,8.99
132,Avarua,CK,2021-05-31 15:34:34,broken clouds,-21.2078,-159.775,68.05,77,70,3.44
133,Kucevo,RS,2021-05-31 15:34:35,overcast clouds,44.4775,21.67,55.92,91,95,10.4
134,Provideniya,RU,2021-05-31 15:24:39,overcast clouds,64.3833,-173.3,38.5,67,92,7.85
135,Ahuimanu,US,2021-05-31 15:26:33,clear sky,21.4447,-157.8378,73.11,77,1,0.0
136,Talara,PE,2021-05-31 15:34:36,clear sky,-4.5772,-81.2719,74.16,78,0,13.8
137,Iqaluit,CA,2021-05-31 15:26:10,broken clouds,63.7506,-68.5145,35.33,74,75,5.99
138,Geraldton,AU,2021-05-31 15:24:39,scattered clouds,-28.7667,114.6,54.01,94,33,14.63
139,Balikpapan,ID,2021-05-31 15:34:36,broken clouds,-1.2675,116.8289,78.71,83,62,6.04
140,Huangnihe,CN,2021-05-31 15:34:37,overcast clouds,43.5583,128.0239,53.42,81,100,5.3
141,Chuy,UY,2021-05-31 15:25:08,scattered clouds,-33.6971,-53.4616,58.89,50,29,17.09
142,Upernavik,GL,2021-05-31 15:34:37,overcast clouds,72.7868,-56.1549,31.39,89,100,3.74
143,Itapirapua,BR,2021-05-31 15:34:38,broken clouds,-15.8233,-50.6133,91.62,29,78,6.29
144,Gamba,GA,2021-05-31 15:26:41,broken clouds,-2.65,10.0,81.34,74,67,11.01
145,Flin Flon,CA,2021-05-31 15:28:05,overcast clouds,54.7682,-101.865,62.44,29,90,7.38
146,Tuktoyaktuk,CA,2021-05-31 15:24:56,overcast clouds,69.4541,-133.0374,30.2,86,90,12.66
147,Cabo San Lucas,MX,2021-05-31 15:34:38,clear sky,22.8909,-109.9124,86.81,57,1,0.0
148,Nuuk,GL,2021-05-31 15:27:33,light rain,64.1835,-51.7216,36.21,87,75,23.02
149,Vila Franca Do Campo,PT,2021-05-31 15:34:39,broken clouds,37.7167,-25.4333,68.41,72,72,9.78
150,Charters Towers,AU,2021-05-31 15:26:47,scattered clouds,-20.1,146.2667,58.46,92,40,9.06
151,Cay,TR,2021-05-31 15:34:40,broken clouds,38.5917,31.0286,63.79,60,61,6.04
152,Brae,GB,2021-05-31 15:34:40,clear sky,60.3964,-1.353,48.11,77,5,12.57
153,Lompoc,US,2021-05-31 15:32:32,overcast clouds,34.6391,-120.4579,58.57,100,90,4.79
154,Sabang,ID,2021-05-31 15:34:41,overcast clouds,5.8933,95.3214,82.98,76,90,20.09
155,Riachao Das Neves,BR,2021-05-31 15:34:41,scattered clouds,-11.7461,-44.91,91.42,21,30,5.26
156,Najran,SA,2021-05-31 15:34:42,clear sky,17.4924,44.1277,95.65,10,2,14.76
157,Ilulissat,GL,2021-05-31 15:34:42,broken clouds,69.2167,-51.1,33.82,86,75,6.91
158,Sakaiminato,JP,2021-05-31 15:25:01,few clouds,35.55,133.2333,62.58,88,20,10.36
159,Camana,PE,2021-05-31 15:34:42,overcast clouds,-16.6228,-72.7111,68.32,78,100,9.57
160,Parana,AR,2021-05-31 15:34:43,clear sky,-31.732,-60.5238,68.58,39,1,10.56
161,Saint-Pierre,RE,2021-05-31 15:34:43,clear sky,-21.3393,55.4781,73.08,80,0,3.44
162,Kavaratti,IN,2021-05-31 15:26:51,few clouds,10.5669,72.642,83.77,76,21,22.48
163,Nikolskoye,RU,2021-05-31 15:22:03,light rain,59.7035,30.7861,57.78,58,100,7.47
164,Bluff,NZ,2021-05-31 15:34:44,overcast clouds,-46.6,168.3333,49.8,67,86,6.55
165,Taseyevo,RU,2021-05-31 15:34:44,clear sky,57.2169,94.8978,43.36,74,0,5.5
166,Udachnyy,RU,2021-05-31 15:34:45,broken clouds,66.4167,112.4,55.17,46,66,10.51
167,Bettiah,IN,2021-05-31 15:34:45,clear sky,26.8,84.5,89.6,54,1,5.93
168,Salalah,OM,2021-05-31 15:34:46,scattered clouds,17.0151,54.0924,84.29,84,40,10.36
169,Nyurba,RU,2021-05-31 15:34:46,few clouds,63.2842,118.3319,53.91,48,12,2.75
170,Dovolnoye,RU,2021-05-31 15:34:46,few clouds,54.4958,79.6671,68.27,59,22,13.82
171,Feijo,BR,2021-05-31 15:34:47,overcast clouds,-8.1642,-70.3536,80.87,88,88,2.26
172,Saldanha,ZA,2021-05-31 15:34:47,clear sky,-33.0117,17.9442,62.65,76,9,9.31
173,Abbeville,FR,2021-05-31 15:34:29,clear sky,50.1,1.8333,75.49,60,0,10.07
174,Stephenville Crossing,CA,2021-05-31 15:34:48,overcast clouds,48.5,-58.4318,57.33,67,90,6.91
175,Rocky Mountain House,CA,2021-05-31 15:34:49,scattered clouds,52.3668,-114.9188,64.15,44,45,4.61
176,Klaksvik,FO,2021-05-31 15:34:49,overcast clouds,62.2266,-6.589,58.12,96,86,14.94
177,Cabedelo,BR,2021-05-31 15:29:20,broken clouds,-6.9811,-34.8339,79.47,78,51,13.09
178,Petropavlovsk-Kamchatskiy,RU,2021-05-31 15:31:12,light rain,53.0452,158.6483,37.99,100,90,2.44
179,Chandvad,IN,2021-05-31 15:34:50,heavy intensity rain,20.3333,74.25,79.12,48,99,10.56
180,Srednekolymsk,RU,2021-05-31 15:25:21,clear sky,67.45,153.6833,53.82,43,5,10.49
181,Bodrum,TR,2021-05-31 15:32:10,clear sky,37.0383,27.4292,76.93,68,3,8.46
182,Port Moresby,PG,2021-05-31 15:28:19,overcast clouds,-9.4431,147.1797,74.75,87,100,11.92
183,Wanning,CN,2021-05-31 15:26:49,overcast clouds,18.8003,110.3967,83.34,88,86,10.71
184,Bilma,NE,2021-05-31 15:25:28,broken clouds,18.6853,12.9164,106.81,6,83,13.69
185,Peterhead,GB,2021-05-31 15:34:50,clear sky,57.5058,-1.7981,65.12,88,4,16.24
186,Ribeira Grande,PT,2021-05-31 15:34:51,broken clouds,38.5167,-28.7,66.6,88,75,5.75
187,Chepareria,KE,2021-05-31 15:34:52,overcast clouds,1.3077,35.2039,65.73,57,87,5.61
188,Willmar,US,2021-05-31 15:34:52,clear sky,45.1219,-95.0433,67.69,54,1,12.66
189,Aklavik,CA,2021-05-31 15:21:49,overcast clouds,68.2191,-135.0107,41.83,93,90,14.97
190,Pont-Audemer,FR,2021-05-31 15:34:52,clear sky,49.35,0.5167,76.12,61,1,12.41
191,Usvyaty,RU,2021-05-31 15:34:53,overcast clouds,55.7456,30.7533,57.56,48,96,5.12
192,Kruisfontein,ZA,2021-05-31 15:25:02,overcast clouds,-34.0033,24.7314,58.89,77,100,14.94
193,Limbe,CM,2021-05-31 15:34:54,overcast clouds,4.0242,9.2149,78.04,82,99,8.08
194,Hambantota,LK,2021-05-31 15:34:54,few clouds,6.1241,81.1185,84.54,79,20,20.56
195,Matara,LK,2021-05-31 15:25:57,overcast clouds,5.9485,80.5353,80.47,86,88,13.82
196,Lebu,CL,2021-05-31 15:34:55,overcast clouds,-37.6167,-73.65,57.92,94,100,11.88
197,Male,MV,2021-05-31 15:34:55,broken clouds,4.1748,73.5089,84.15,70,75,21.85
198,Kaihua,CN,2021-05-31 15:34:55,broken clouds,23.3687,104.28,67.71,89,79,4.56
199,Byron Bay,AU,2021-05-31 15:26:40,few clouds,-28.65,153.6167,56.88,88,24,7.99
200,Maldonado,UY,2021-05-31 15:26:16,few clouds,-34.6667,-54.9167,61.99,56,13,20.38
201,Souillac,MU,2021-05-31 15:25:05,scattered clouds,-20.5167,57.5167,74.35,83,40,8.48
202,Krasnorechenskiy,RU,2021-05-31 15:34:56,overcast clouds,44.6265,135.3532,43.43,99,100,1.77
203,Shizunai,JP,2021-05-31 15:34:57,scattered clouds,42.3339,142.3669,47.08,84,37,0.49
204,Severnyy,RU,2021-05-31 15:34:57,broken clouds,50.677,36.5532,50.04,81,75,6.71
205,Beringovskiy,RU,2021-05-31 15:25:18,overcast clouds,63.05,179.3167,30.38,90,92,8.32
206,Sept-Iles,CA,2021-05-31 15:33:43,mist,50.2001,-66.3821,44.26,92,90,5.01
207,Saint George,US,2021-05-31 15:21:01,clear sky,37.1041,-113.5841,82.87,16,1,1.99
208,Khandyga,RU,2021-05-31 15:34:58,moderate rain,62.6667,135.6,45.97,92,60,1.66
209,Saint-Georges,GD,2021-05-31 15:26:47,few clouds,12.0564,-61.7485,85.68,70,20,23.02
210,Nazarovo,RU,2021-05-31 15:34:59,few clouds,56.0064,90.3914,47.79,72,15,7.14
211,Evensk,RU,2021-05-31 15:26:53,overcast clouds,61.95,159.2333,40.05,82,97,6.96
212,Verkh-Suetka,RU,2021-05-31 15:34:59,few clouds,53.3,80.05,67.44,56,19,10.27
213,Avera,US,2021-05-31 15:35:00,broken clouds,33.194,-82.5271,75.7,47,67,7.2
214,Luwuk,ID,2021-05-31 15:35:00,overcast clouds,-0.9516,122.7875,77.61,88,100,4.12
215,Mbandaka,CD,2021-05-31 15:27:23,light rain,0.0487,18.2603,75.79,88,98,2.06
216,Inirida,CO,2021-05-31 15:30:46,overcast clouds,3.8653,-67.9239,84.11,76,89,2.06
217,Shrewsbury,GB,2021-05-31 15:31:44,scattered clouds,52.7101,-2.7521,73.38,53,46,7.31
218,Belmonte,BR,2021-05-31 15:26:29,overcast clouds,-15.8631,-38.8828,81.1,78,92,8.03
219,Ulaangom,MN,2021-05-31 15:35:01,clear sky,49.9811,92.0667,54.34,37,0,3.11
220,Saint-Philippe,RE,2021-05-31 15:35:03,few clouds,-21.3585,55.7679,72.99,80,24,6.13
221,Grants Pass,US,2021-05-31 15:30:16,clear sky,42.439,-123.3284,74.08,56,1,0.0
222,Margate,GB,2021-05-31 15:35:03,clear sky,51.3813,1.3862,71.96,85,0,12.46
223,Haines Junction,CA,2021-05-31 15:26:42,overcast clouds,60.7522,-137.5108,44.55,76,100,3.44
224,Acarau,BR,2021-05-31 15:35:04,few clouds,-2.8856,-40.12,87.01,60,24,12.8
225,Wahiawa,US,2021-05-31 15:35:04,overcast clouds,21.5028,-158.0236,70.12,84,90,2.04
226,Sumbe,AO,2021-05-31 15:35:05,clear sky,-11.2061,13.8437,80.44,70,2,5.17
227,Aykhal,RU,2021-05-31 15:28:12,broken clouds,66.0,111.5,53.38,43,64,12.95
228,Kharp,RU,2021-05-31 15:35:05,broken clouds,66.8014,65.8081,42.37,77,79,9.53
229,Saurimo,AO,2021-05-31 15:35:06,clear sky,-9.6608,20.3916,73.13,33,8,3.33
230,High Level,CA,2021-05-31 15:35:06,few clouds,58.5169,-117.136,59.11,58,20,1.52
231,Lovozero,RU,2021-05-31 15:35:07,overcast clouds,68.005,35.0117,47.43,66,94,17.92
232,Husavik,IS,2021-05-31 15:26:23,scattered clouds,66.0449,-17.3389,55.31,44,46,16.62
233,Manakara,MG,2021-05-31 15:35:07,light rain,-22.1333,48.0167,71.56,88,5,3.27
234,Nongan,CN,2021-05-31 15:35:08,light rain,44.382,125.1685,68.41,40,100,11.07
235,Samarai,PG,2021-05-31 15:25:26,overcast clouds,-10.6167,150.6667,78.73,78,100,20.87
236,Allahganj,IN,2021-05-31 15:35:08,clear sky,27.55,79.6833,95.22,36,2,4.76
237,Nogent-Le-Rotrou,FR,2021-05-31 15:35:09,clear sky,48.3333,1.0,71.8,62,0,11.43
238,Cherskiy,RU,2021-05-31 15:35:09,few clouds,68.75,161.3,52.29,39,13,8.21
239,Bogande,BF,2021-05-31 15:35:10,overcast clouds,12.9714,-0.1436,105.33,16,91,4.97
240,Neyshabur,IR,2021-05-31 15:35:10,broken clouds,36.2133,58.7958,88.14,14,66,13.13
241,Cockburn Town,TC,2021-05-31 15:35:11,scattered clouds,21.4612,-71.1419,85.96,62,40,13.8
242,Amahai,ID,2021-05-31 15:35:11,overcast clouds,-3.3333,128.9167,78.28,87,92,4.0
243,Taber,CA,2021-05-31 15:35:12,broken clouds,49.8167,-112.1518,67.87,43,60,10.36
244,Palomares,MX,2021-05-31 15:35:12,scattered clouds,17.15,-95.0667,87.71,55,30,7.67
245,Victoria,HK,2021-05-31 15:24:35,light rain,22.2855,114.1577,84.38,86,100,1.99
246,Altea,ES,2021-05-31 15:35:13,light rain,38.5989,-0.0514,77.63,91,100,6.67
247,Tiznit,MA,2021-05-31 15:25:18,overcast clouds,29.5833,-9.5,79.63,44,100,9.78
248,Sitka,US,2021-05-31 15:27:57,light rain,57.0531,-135.33,57.09,67,90,18.41
249,Hami,CN,2021-05-31 15:35:13,clear sky,42.8,93.45,79.81,10,2,10.45
250,Havoysund,NO,2021-05-31 15:35:14,overcast clouds,70.9963,24.6622,43.68,98,100,24.47
251,Surgut,RU,2021-05-31 15:34:06,light rain,61.25,73.4167,42.98,100,75,13.29
252,Laguna,US,2021-05-31 15:35:14,clear sky,38.421,-121.4238,87.62,48,1,1.01
253,Umea,SE,2021-05-31 15:35:15,clear sky,63.8284,20.2597,58.93,51,0,9.22
254,Sambava,MG,2021-05-31 15:25:50,clear sky,-14.2667,50.1667,76.44,77,0,9.19
255,Luganville,VU,2021-05-31 15:35:16,overcast clouds,-15.5333,167.1667,74.21,85,100,5.48
256,Kavieng,PG,2021-05-31 15:35:16,light rain,-2.5744,150.7967,78.3,87,100,4.41
257,Dudinka,RU,2021-05-31 15:26:40,overcast clouds,69.4058,86.1778,32.67,96,100,11.68
258,Georgetown,MY,2021-05-31 15:35:17,few clouds,5.4112,100.3354,86.9,80,20,5.01
259,Grindavik,IS,2021-05-31 15:35:17,broken clouds,63.8424,-22.4338,51.75,76,75,21.83
260,Dikson,RU,2021-05-31 15:35:17,light snow,73.5069,80.5464,30.74,97,100,15.52
261,Sosua,DO,2021-05-31 15:35:18,scattered clouds,19.7667,-70.5167,85.51,83,40,16.11
262,Lermontovka,RU,2021-05-31 15:35:18,clear sky,47.1453,134.3383,48.29,95,5,4.21
263,Riyadh,SA,2021-05-31 15:29:16,clear sky,24.6877,46.7219,107.74,8,0,8.05
264,Gizo,SB,2021-05-31 15:28:47,light rain,-8.103,156.8419,80.94,85,85,19.13
265,Terney,RU,2021-05-31 15:35:19,overcast clouds,45.0503,136.6092,45.34,95,92,1.95
266,Banjar,ID,2021-05-31 15:27:02,scattered clouds,-8.19,114.9675,78.66,87,43,2.82
267,Bowmore,US,2021-05-31 15:35:19,clear sky,34.9421,-79.3031,74.89,56,1,1.01
268,Alamogordo,US,2021-05-31 15:35:20,scattered clouds,32.8995,-105.9603,77.95,54,40,5.01
269,Severo-Yeniseyskiy,RU,2021-05-31 15:35:20,overcast clouds,60.3725,93.0408,47.82,64,99,5.68
270,Hobyo,SO,2021-05-31 15:27:10,overcast clouds,5.3505,48.5268,79.75,77,93,23.29
271,Tiksi,RU,2021-05-31 15:35:21,clear sky,71.6872,128.8694,34.57,89,9,2.35
272,Chapleau,CA,2021-05-31 15:35:21,scattered clouds,47.8405,-83.4034,62.69,51,40,8.05
273,San Cristobal,VE,2021-05-31 15:35:22,overcast clouds,7.7669,-72.225,77.18,55,93,6.53
274,Sobolevo,RU,2021-05-31 15:29:44,overcast clouds,54.4299,31.8996,55.04,57,100,1.99
275,Takoradi,GH,2021-05-31 15:35:22,overcast clouds,4.8845,-1.7554,82.71,74,93,11.59
276,Mahebourg,MU,2021-05-31 15:35:22,scattered clouds,-20.4081,57.7,73.69,83,40,5.75
277,Rio Grande,BR,2021-05-31 15:35:23,clear sky,-32.035,-52.0986,64.51,45,10,12.73
278,Svetlogorsk,BY,2021-05-31 15:35:23,overcast clouds,52.6333,29.7333,54.77,71,91,6.22
279,Timmins,CA,2021-05-31 15:35:24,scattered clouds,48.4669,-81.3331,64.22,36,40,9.13
280,Dafeng,CN,2021-05-31 15:35:24,overcast clouds,23.4517,108.5881,80.64,92,100,2.1
281,Loralai,PK,2021-05-31 15:31:03,broken clouds,30.3705,68.598,88.7,8,79,10.65
282,Ovalle,CL,2021-05-31 15:35:25,clear sky,-30.5983,-71.2003,78.12,20,8,1.39
283,Kenai,US,2021-05-31 15:26:38,scattered clouds,60.5544,-151.2583,49.03,87,40,6.91
284,Maneadero,MX,2021-05-31 15:35:26,scattered clouds,31.7167,-116.5667,60.1,83,44,3.06
285,Odweyne,SO,2021-05-31 15:29:55,overcast clouds,9.4092,45.064,90.23,25,95,3.33
286,Great Bend,US,2021-05-31 15:30:31,overcast clouds,38.3645,-98.7648,57.4,98,90,11.5
287,Castro,BR,2021-05-31 15:34:48,overcast clouds,-24.7911,-50.0119,57.42,97,100,2.39
288,Gornopravdinsk,RU,2021-05-31 15:35:26,overcast clouds,60.05,69.9,41.16,89,100,9.44
289,Alta Floresta,BR,2021-05-31 15:27:10,few clouds,-9.8756,-56.0861,91.22,43,20,8.05
290,Mezen,RU,2021-05-31 15:26:57,broken clouds,65.8522,44.24,53.73,53,78,5.66
291,Namibe,AO,2021-05-31 15:26:41,clear sky,-15.1961,12.1522,78.96,55,0,13.18
292,Zhigansk,RU,2021-05-31 15:32:08,broken clouds,66.7697,123.3711,53.62,46,67,7.43
293,Ancud,CL,2021-05-31 15:25:49,moderate rain,-41.8697,-73.8203,60.22,98,100,16.98
294,Salinas,US,2021-05-31 15:35:27,haze,36.6777,-121.6555,66.97,83,90,0.0
295,Jiayuguan,CN,2021-05-31 15:35:28,clear sky,39.8167,98.3,68.49,10,0,16.15
296,Nsanje,MW,2021-05-31 15:35:28,few clouds,-16.92,35.262,74.37,44,14,4.99
297,Tura,IN,2021-05-31 15:35:29,moderate rain,25.5198,90.2201,72.32,97,100,4.94
298,Trincomalee,LK,2021-05-31 15:35:29,overcast clouds,8.5711,81.2335,82.51,78,100,18.81
299,Milkovo,RU,2021-05-31 15:35:30,overcast clouds,54.7167,158.6167,42.82,79,100,2.68
300,Smoky Lake,CA,2021-05-31 15:35:30,overcast clouds,54.1169,-112.4686,63.48,67,100,7.92
301,Kouroussa,GN,2021-05-31 15:35:30,broken clouds,10.65,-9.8833,94.98,34,52,4.61
302,Thinadhoo,MV,2021-05-31 15:35:31,overcast clouds,0.5333,72.9333,84.27,71,88,18.03
303,Sao Joao Da Barra,BR,2021-05-31 15:25:52,overcast clouds,-21.6403,-41.0511,82.49,78,94,4.03
304,Ingham,US,2021-05-31 15:35:31,clear sky,42.6,-84.3833,69.75,49,1,9.22
305,Port Blair,IN,2021-05-31 15:35:32,mist,11.6667,92.75,80.64,89,40,0.0
306,Isangel,VU,2021-05-31 15:26:54,broken clouds,-19.55,169.2667,70.59,68,72,10.74
307,Alekseyevsk,RU,2021-05-31 15:35:32,overcast clouds,57.8406,108.3492,38.98,97,86,0.72
308,Hofn,IS,2021-05-31 15:28:31,broken clouds,64.2539,-15.2082,51.82,76,75,13.8
309,Karratha,AU,2021-05-31 15:35:33,overcast clouds,-20.7377,116.8463,69.71,47,100,14.32
310,Alamos,MX,2021-05-31 15:35:33,clear sky,27.0167,-108.9333,86.94,24,2,5.75
311,Broken Hill,AU,2021-05-31 15:28:46,overcast clouds,-31.95,141.4333,53.31,47,99,8.05
312,Kaeo,NZ,2021-05-31 15:35:34,few clouds,-35.1,173.7833,52.32,95,15,5.93
313,Faanui,PF,2021-05-31 15:35:34,overcast clouds,-16.4833,-151.75,78.57,66,100,15.37
314,Sulangan,PH,2021-05-31 15:35:35,overcast clouds,11.1373,123.7228,83.64,74,100,7.81
315,Ningxiang,CN,2021-05-31 15:35:35,overcast clouds,37.34,111.2052,65.7,36,100,5.03
316,Constitucion,CL,2021-05-31 15:28:15,overcast clouds,-35.3333,-72.4167,61.57,86,95,5.12
317,Whitehorse,CA,2021-05-31 15:25:43,broken clouds,60.7161,-135.0538,48.97,66,75,15.99
318,Gigmoto,PH,2021-05-31 15:35:36,broken clouds,13.7796,124.39,80.89,86,84,4.59
319,Waitati,NZ,2021-05-31 15:35:36,overcast clouds,-45.75,170.5667,43.81,86,100,6.73
320,Lorengau,PG,2021-05-31 15:22:22,overcast clouds,-2.0226,147.2712,80.26,86,100,9.6
321,Mangrol,IN,2021-05-31 15:35:37,few clouds,21.1167,70.1167,83.46,79,23,14.07
322,Iskateley,RU,2021-05-31 15:35:37,overcast clouds,67.6803,53.1512,42.19,85,100,15.08
323,Gorontalo,ID,2021-05-31 15:35:38,overcast clouds,0.5412,123.0595,76.33,95,100,2.62
324,Asau,RO,2021-05-31 15:35:38,overcast clouds,46.4333,26.4,59.92,70,99,5.28
325,Mlonggo,ID,2021-05-31 15:35:39,broken clouds,-6.5333,110.7,78.58,85,83,4.25
326,Brownsville,US,2021-05-31 15:35:39,broken clouds,25.9018,-97.4975,85.91,71,75,5.99
327,Sarangani,PH,2021-05-31 15:35:40,light rain,5.4033,125.4636,82.36,78,100,19.73
328,Arecibo,PR,2021-05-31 15:35:40,few clouds,18.4724,-66.7157,89.19,67,13,8.01
329,Eureka,US,2021-05-31 15:35:22,broken clouds,40.8021,-124.1637,58.91,83,80,5.1
330,Sherlovaya Gora,RU,2021-05-31 15:35:40,overcast clouds,50.5667,116.25,40.87,81,85,19.24
331,Tocopilla,CL,2021-05-31 15:35:41,scattered clouds,-22.092,-70.1979,69.84,63,42,6.02
332,Poindimie,NC,2021-05-31 15:35:41,clear sky,-20.9333,165.3333,65.16,73,5,6.06
333,Wenling,CN,2021-05-31 15:26:03,broken clouds,28.3669,121.36,69.17,93,79,3.2
334,Shingu,JP,2021-05-31 15:29:21,scattered clouds,33.7333,135.9833,62.91,91,41,4.59
335,Esperance,AU,2021-05-31 15:35:42,light rain,-33.8667,121.9,58.84,83,100,26.49
336,Coihaique,CL,2021-05-31 15:34:48,light rain,-45.5752,-72.0662,48.81,93,90,5.75
337,Aksarka,RU,2021-05-31 15:29:40,few clouds,66.5606,67.7975,48.06,44,14,14.38
338,Santa Rosa,PH,2021-05-31 15:26:56,overcast clouds,14.3122,121.1114,85.98,69,98,1.14
339,Pimentel,PE,2021-05-31 15:35:43,overcast clouds,-6.8367,-79.9342,70.09,82,90,4.0
340,Katsuura,JP,2021-05-31 15:35:43,broken clouds,35.1333,140.3,67.19,83,53,4.54
341,Carauari,BR,2021-05-31 15:35:44,overcast clouds,-4.8828,-66.8958,89.98,54,98,3.71
342,Itarema,BR,2021-05-31 15:29:41,few clouds,-2.9248,-39.9167,87.26,59,11,13.18
343,Bathsheba,BB,2021-05-31 15:25:54,scattered clouds,13.2167,-59.5167,88.41,51,40,19.89
344,Abu Dhabi,AE,2021-05-31 15:26:00,clear sky,24.4667,54.3667,95.11,59,0,11.74
345,Tabas,IR,2021-05-31 15:28:33,clear sky,33.5959,56.9244,100.6,6,0,2.68
346,Port-Cartier,CA,2021-05-31 15:35:44,overcast clouds,50.0334,-66.8654,43.93,95,100,8.57
347,Ambulu,ID,2021-05-31 15:35:45,broken clouds,-8.345,113.6058,74.98,88,52,1.63
348,Mareeba,AU,2021-05-31 15:27:00,broken clouds,-17.0,145.4333,66.92,92,84,2.17
349,Krasnogorskiy,RU,2021-05-31 15:35:45,broken clouds,54.6025,61.231,54.48,72,77,12.75
350,Pangnirtung,CA,2021-05-31 15:23:45,few clouds,66.1451,-65.7125,32.0,100,20,10.36
351,Naziya,RU,2021-05-31 15:35:46,light rain,59.8,31.3833,57.43,1,100,8.52
352,Surt,LY,2021-05-31 15:35:46,clear sky,31.2089,16.5887,75.92,54,4,10.49
353,Tihemetsa,EE,2021-05-31 15:35:47,light rain,58.1462,25.0459,56.55,52,99,5.23
354,Camacha,PT,2021-05-31 15:28:28,broken clouds,33.0833,-16.3333,67.53,88,75,11.5
355,Dzilam Gonzalez,MX,2021-05-31 15:35:47,clear sky,21.2833,-88.9333,89.46,48,4,5.99
356,Roma,US,2021-05-31 15:35:48,scattered clouds,43.2128,-75.4557,66.85,73,35,4.0
357,Kilindoni,TZ,2021-05-31 15:35:48,few clouds,-7.9139,39.6668,78.22,79,20,9.73
358,Gupitan,PH,2021-05-31 15:35:49,heavy intensity rain,7.7758,125.6406,73.71,99,100,2.26
359,Grand Gaube,MU,2021-05-31 15:35:49,clear sky,-20.0064,57.6608,73.8,76,0,3.0
360,Tasiilaq,GL,2021-05-31 15:35:50,few clouds,65.6145,-37.6368,41.16,80,12,8.9
361,Qinzhou,CN,2021-05-31 15:35:50,light rain,21.95,108.6167,83.71,86,99,5.86
362,Niquelandia,BR,2021-05-31 15:35:50,light rain,-14.4739,-48.4597,89.08,24,56,4.0
363,Hervey Bay,AU,2021-05-31 15:24:47,overcast clouds,-25.2986,152.8535,61.03,67,90,11.43
364,Prince Rupert,CA,2021-05-31 15:30:57,light rain,54.3161,-130.3201,57.29,88,90,13.8
365,Mount Gambier,AU,2021-05-31 15:26:43,overcast clouds,-37.8333,140.7667,49.91,50,100,11.5
366,Grass Valley,US,2021-05-31 15:35:51,clear sky,39.2191,-121.0611,82.85,22,1,0.0
367,Valparaiso,CL,2021-05-31 15:33:45,clear sky,-33.0393,-71.6273,77.23,26,0,6.91
368,Upata,VE,2021-05-31 15:35:52,broken clouds,8.0086,-62.3989,80.19,65,64,3.85
369,Tyrma,RU,2021-05-31 15:35:52,scattered clouds,50.0833,132.1667,44.91,78,27,0.89
370,Sumter,US,2021-05-31 15:32:36,clear sky,28.7086,-82.0831,88.07,64,0,12.62
371,Jacareacanga,BR,2021-05-31 15:35:53,clear sky,-6.2222,-57.7528,93.79,35,0,4.27
372,Aitape,PG,2021-05-31 15:29:48,overcast clouds,-3.1374,142.3475,78.51,88,99,7.61
373,Kodiak,US,2021-05-31 15:35:54,light rain,57.79,-152.4072,45.91,87,90,19.57
374,Vila,PT,2021-05-31 15:35:54,scattered clouds,42.0304,-8.1588,76.75,62,25,5.3
375,Sangar,RU,2021-05-31 15:29:57,few clouds,63.9242,127.4739,47.61,63,20,2.48
376,Birao,CF,2021-05-31 15:35:55,broken clouds,10.2849,22.7882,100.71,19,79,9.31
377,Wanaka,NZ,2021-05-31 15:35:55,overcast clouds,-44.7,169.15,44.98,88,100,2.55
378,Sumenep,ID,2021-05-31 15:35:55,overcast clouds,-7.0167,113.8667,79.88,80,94,7.2
379,Leningradskiy,RU,2021-05-31 15:35:56,overcast clouds,69.3833,178.4167,28.81,94,88,11.52
380,Kahului,US,2021-05-31 15:35:56,clear sky,20.8947,-156.47,75.85,78,1,0.0
381,Novobirilyussy,RU,2021-05-31 15:35:57,scattered clouds,56.9514,90.6661,48.61,66,44,6.73
382,Takapau,NZ,2021-05-31 15:35:57,light rain,-40.0333,176.35,47.73,95,93,9.46
383,Nouadhibou,MR,2021-05-31 15:35:58,few clouds,20.931,-17.0347,75.18,64,18,19.57
384,Lovosice,CZ,2021-05-31 15:35:58,broken clouds,50.515,14.051,69.01,44,73,11.99
385,Vestmannaeyjar,IS,2021-05-31 15:32:38,scattered clouds,63.4427,-20.2734,45.59,87,40,14.97
386,Beyneu,KZ,2021-05-31 15:35:59,clear sky,45.3167,55.2,80.49,37,1,17.34
387,Lagoa,PT,2021-05-31 15:35:59,overcast clouds,39.05,-27.9833,61.0,78,100,20.18
388,Ayagoz,KZ,2021-05-31 15:29:02,few clouds,47.9714,80.4392,66.79,31,19,7.09
389,Dingle,PH,2021-05-31 15:36:00,overcast clouds,10.9995,122.6711,77.43,91,100,0.78
390,Qui Nhon,VN,2021-05-31 15:29:27,scattered clouds,13.7667,109.2333,83.1,84,45,4.03
391,Nibong Tebal,MY,2021-05-31 15:36:00,broken clouds,5.1659,100.4779,86.95,88,76,1.86
392,Lazaro Cardenas,MX,2021-05-31 15:27:52,broken clouds,17.9583,-102.2,86.54,59,84,2.59
393,Zhangye,CN,2021-05-31 15:36:01,scattered clouds,38.9342,100.4517,66.58,17,37,8.08
394,Bethel,US,2021-05-31 15:36:01,overcast clouds,41.3712,-73.414,56.91,82,90,1.01
395,Richards Bay,ZA,2021-05-31 15:36:02,broken clouds,-28.783,32.0377,66.25,68,62,12.57
396,Maniitsoq,GL,2021-05-31 15:36:02,light rain,65.4167,-52.9,34.47,99,100,7.9
397,Puerto Del Rosario,ES,2021-05-31 15:34:53,few clouds,28.5004,-13.8627,73.15,60,20,14.97
398,Urengoy,RU,2021-05-31 15:34:27,broken clouds,65.9667,78.3667,41.5,55,81,5.3
399,Viedma,AR,2021-05-31 15:36:03,light rain,-40.8135,-62.9967,54.48,54,100,6.89
400,Lata,PT,2021-05-31 15:36:03,scattered clouds,40.1629,-8.3327,87.71,52,32,8.66
401,Honiara,SB,2021-05-31 15:36:04,overcast clouds,-9.4333,159.95,77.38,90,100,4.56
402,Nouakchott,MR,2021-05-31 15:36:04,scattered clouds,18.0858,-15.9785,84.13,65,42,19.17
403,Severomorsk,RU,2021-05-31 15:36:04,overcast clouds,69.0689,33.4162,50.4,64,96,21.63
404,Vanavara,RU,2021-05-31 15:27:20,clear sky,60.34,102.2797,49.3,69,10,3.94
405,Bontang,ID,2021-05-31 15:36:05,broken clouds,0.1333,117.5,78.69,90,80,6.38
406,Susaki,JP,2021-05-31 15:36:05,broken clouds,33.3667,133.2833,63.81,81,79,4.43
407,Codrington,AU,2021-05-31 15:36:06,overcast clouds,-38.2667,141.9667,48.34,43,100,11.68
408,Ambilobe,MG,2021-05-31 15:29:05,clear sky,-13.2,49.05,75.92,69,10,1.39
409,Huarmey,PE,2021-05-31 15:23:11,overcast clouds,-10.0681,-78.1522,68.97,79,93,8.57
410,Newport,GB,2021-05-31 15:31:09,broken clouds,51.5877,-2.9984,74.77,59,62,8.93
411,Mehamn,NO,2021-05-31 15:36:07,broken clouds,71.0357,27.8492,42.98,87,75,17.27
412,Anadyr,RU,2021-05-31 15:36:07,clear sky,64.75,177.4833,36.1,69,0,3.22
413,Kuandian,CN,2021-05-31 15:36:07,overcast clouds,40.7286,124.7847,60.64,78,100,2.66
414,Sena Madureira,BR,2021-05-31 15:36:08,overcast clouds,-9.0656,-68.6569,89.51,56,92,2.86
415,Kpandu,GH,2021-05-31 15:36:08,light rain,6.9954,0.2931,86.92,61,89,4.94
416,Rio Gallegos,AR,2021-05-31 15:36:09,scattered clouds,-51.6226,-69.2181,32.05,86,40,2.3
417,Kamenka,RU,2021-05-31 15:36:09,overcast clouds,51.3223,42.7678,57.78,80,100,9.1
418,Cabo Rojo,PR,2021-05-31 15:36:10,clear sky,18.0866,-67.1457,88.9,66,7,5.01
419,Camacupa,AO,2021-05-31 15:36:10,broken clouds,-12.0167,17.4833,70.39,28,53,1.81
420,Krasnogvardeyets,RU,2021-05-31 15:36:10,heavy intensity rain,52.6804,52.3635,66.6,85,99,4.99
421,Giyani,ZA,2021-05-31 15:36:11,broken clouds,-23.3025,30.7187,60.51,75,69,1.43
422,Pisco,PE,2021-05-31 15:23:04,smoke,-13.7,-76.2167,66.25,82,90,0.0
423,Gamboma,CG,2021-05-31 15:36:11,overcast clouds,-1.8764,15.8644,89.06,50,98,2.66
424,Norwich,GB,2021-05-31 15:36:12,clear sky,52.6278,1.2983,71.71,62,0,9.22
425,Usinsk,RU,2021-05-31 15:36:12,overcast clouds,65.9939,57.5281,44.89,70,100,17.07
426,Broome,US,2021-05-31 15:27:56,broken clouds,42.2506,-75.833,65.7,60,75,1.99
427,Adrar,MR,2021-05-31 15:36:13,overcast clouds,20.5022,-10.0711,104.0,13,93,5.01
428,Shache,CN,2021-05-31 15:27:16,broken clouds,38.4167,77.2406,78.19,22,82,4.99
429,Uch,FR,2021-05-31 15:36:13,broken clouds,45.3192,-0.9345,84.69,41,61,7.31
430,North Bend,US,2021-05-31 15:36:13,clear sky,43.4065,-124.2243,62.94,76,1,0.0
431,Sinegorye,RU,2021-05-31 15:36:14,light rain,62.0788,150.477,38.98,96,99,3.89
432,Meulaboh,ID,2021-05-31 15:36:14,overcast clouds,4.1363,96.1285,77.68,86,95,2.01
433,Loreto,MX,2021-05-31 15:36:15,overcast clouds,22.2667,-101.9667,74.08,38,99,11.25
434,Karia,NG,2021-05-31 15:36:15,few clouds,11.7306,11.1629,103.48,14,17,8.93
435,Salvador,SV,2021-05-31 15:33:07,scattered clouds,13.8333,-88.9167,82.8,54,36,2.53
436,Masuguru,TZ,2021-05-31 15:36:16,light rain,-11.3667,38.4167,72.82,88,75,2.66
437,Guatire,VE,2021-05-31 15:36:16,few clouds,10.4762,-66.5427,86.68,50,24,5.08
438,Sioux Lookout,CA,2021-05-31 15:29:23,few clouds,50.1001,-91.917,59.38,72,20,5.75
439,Atar,MR,2021-05-31 15:36:18,scattered clouds,20.5169,-13.0499,105.84,14,31,6.38
440,Padang,ID,2021-05-31 15:36:18,overcast clouds,-0.9492,100.3543,78.55,85,88,2.64
441,High River,CA,2021-05-31 15:34:57,broken clouds,50.5834,-113.8687,67.87,40,60,8.63
442,Savinskiy,RU,2021-05-31 15:36:19,overcast clouds,62.9342,40.1361,55.45,56,99,4.07
443,Pingliang,CN,2021-05-31 15:36:19,overcast clouds,35.5392,106.6861,62.46,53,100,4.16
444,Betioky,MG,2021-05-31 15:36:20,clear sky,-23.7167,44.3833,67.98,67,5,10.33
445,Nakhon Ratchasima,TH,2021-05-31 15:36:20,clear sky,15.0,102.1667,87.06,93,8,10.25
446,Qandala,SO,2021-05-31 15:29:24,broken clouds,11.472,49.8728,88.54,60,57,2.77
447,Saint Stephen,GB,2021-05-31 15:36:21,clear sky,50.3333,-4.9,68.27,52,0,11.77
448,Mizan Teferi,ET,2021-05-31 15:26:43,light rain,6.9833,35.5833,72.37,75,67,2.28
449,Playas,EC,2021-05-31 15:36:22,broken clouds,-2.6333,-80.3833,75.83,78,84,5.75
450,Belomorsk,RU,2021-05-31 15:36:22,overcast clouds,64.5232,34.7668,53.78,64,93,5.26
451,George Town,MY,2021-05-31 15:35:17,few clouds,5.4112,100.3354,86.9,80,20,5.01
452,Zhigalovo,RU,2021-05-31 15:36:22,broken clouds,54.8097,105.1578,37.38,77,57,4.16
453,Sur,OM,2021-05-31 15:35:16,overcast clouds,22.5667,59.5289,97.41,28,88,9.8
454,Kumluca,TR,2021-05-31 15:36:23,clear sky,36.3703,30.2869,74.21,68,4,5.39
455,Coahuayana,MX,2021-05-31 15:36:24,broken clouds,18.7333,-103.6833,89.08,34,80,3.24
456,Beloha,MG,2021-05-31 15:36:24,overcast clouds,-25.1667,45.05,67.01,68,91,11.5
457,Tulun,RU,2021-05-31 15:36:24,broken clouds,54.5611,100.5792,34.61,90,57,4.63
458,La Ronge,CA,2021-05-31 15:26:45,overcast clouds,55.1001,-105.2842,64.62,42,90,6.91
459,Mogadishu,SO,2021-05-31 15:29:15,light rain,2.0371,45.3438,79.32,82,100,12.62
460,Progreso,MX,2021-05-31 15:32:54,clear sky,21.2833,-89.6667,84.31,60,8,8.05
461,Banda Aceh,ID,2021-05-31 15:27:14,light rain,5.5577,95.3222,80.29,82,97,13.02
462,Ocos,GT,2021-05-31 15:36:25,broken clouds,14.5094,-92.1933,91.72,66,78,3.62
463,Ahualulco,MX,2021-05-31 15:36:26,broken clouds,22.4,-101.1667,69.62,54,78,4.07
464,Howard Springs,AU,2021-05-31 15:36:26,overcast clouds,-12.497,131.047,75.11,96,92,4.68
465,Asuncion Ocotlan,MX,2021-05-31 15:36:27,broken clouds,16.7667,-96.7167,68.52,56,75,2.98
466,Asosa,ET,2021-05-31 15:36:27,broken clouds,10.0667,34.5333,71.71,60,56,1.81
467,Port Hueneme,US,2021-05-31 15:33:22,overcast clouds,34.1478,-119.1951,69.01,84,90,5.75
468,Holly Springs,US,2021-05-31 15:33:20,scattered clouds,35.6513,-78.8336,70.68,65,31,3.0
469,Pierre,US,2021-05-31 15:35:18,clear sky,44.3683,-100.351,65.32,63,1,1.99
470,Isabela,PH,2021-05-31 15:29:07,light rain,6.7085,121.9711,78.85,84,100,2.17
471,Charyshskoye,RU,2021-05-31 15:36:28,broken clouds,51.3978,83.5598,57.18,85,62,4.43
472,Pucallpa,PE,2021-05-31 15:36:28,broken clouds,-8.3791,-74.5539,77.04,94,75,4.61
473,Noumea,NC,2021-05-31 15:27:20,overcast clouds,-22.2763,166.4572,69.01,99,96,9.55
474,Irtyshskiy,RU,2021-05-31 15:36:29,overcast clouds,58.3333,68.1333,43.95,82,100,15.14
475,Vao,NC,2021-05-31 15:36:29,overcast clouds,-22.6667,167.4833,68.99,59,100,17.76
476,Kyaukse,MM,2021-05-31 15:36:30,overcast clouds,21.6,96.1333,86.25,60,100,8.88
477,Akyab,MM,2021-05-31 15:36:30,overcast clouds,20.15,92.9,83.48,80,100,7.74
478,Cumpas,MX,2021-05-31 15:36:30,clear sky,29.9833,-109.7833,80.96,18,0,7.7
479,Opuwo,NA,2021-05-31 15:26:59,overcast clouds,-18.0607,13.84,80.8,13,96,8.28
480,Saint-Jean-De-Maurienne,FR,2021-05-31 15:36:31,scattered clouds,45.1667,6.5833,51.13,58,48,6.2
481,Kuching,MY,2021-05-31 15:36:31,few clouds,1.55,110.3333,80.82,89,20,1.14
482,Yongan,CN,2021-05-31 15:36:32,broken clouds,39.6957,113.6871,57.76,63,77,5.21
483,Bacolod,PH,2021-05-31 15:36:32,overcast clouds,10.6667,122.95,78.44,89,100,3.53
484,Sibolga,ID,2021-05-31 15:36:33,overcast clouds,1.7427,98.7792,77.68,89,99,2.33
485,Snyder,US,2021-05-31 15:36:34,heavy intensity rain,32.7179,-100.9176,67.51,100,90,16.11
486,Chippenham,GB,2021-05-31 15:36:34,clear sky,51.46,-2.1247,74.82,60,5,10.31
487,Naantali,FI,2021-05-31 15:36:35,clear sky,60.4674,22.0243,66.61,45,0,11.68
488,Necochea,AR,2021-05-31 15:29:27,broken clouds,-38.5473,-58.7368,57.04,63,57,21.65
489,Havre-Saint-Pierre,CA,2021-05-31 15:29:53,mist,50.2334,-63.5986,46.99,93,90,5.75
490,Kyra,RU,2021-05-31 15:36:35,scattered clouds,49.5776,111.9753,36.75,59,29,8.43
491,Komsomolskiy,UZ,2021-05-31 15:36:36,clear sky,40.4272,71.7189,86.72,23,3,4.61
492,Henties Bay,NA,2021-05-31 15:28:08,clear sky,-22.116,14.2845,63.86,70,1,13.96
493,Tongchuan,CN,2021-05-31 15:36:36,overcast clouds,35.0806,109.0897,72.37,40,98,2.42
494,Alofi,NU,2021-05-31 15:28:38,light rain,-19.0595,-169.9187,73.29,94,56,2.3
495,Santiago,CL,2021-05-31 15:36:37,clear sky,-33.4569,-70.6483,67.17,40,0,0.0
496,Nizhniy Kuranakh,RU,2021-05-31 15:36:39,broken clouds,58.8353,125.4869,48.24,90,51,4.21
497,Duxbury,US,2021-05-31 15:36:39,mist,42.0418,-70.6723,56.5,94,75,1.01
498,Zeven,DE,2021-05-31 15:36:40,clear sky,53.3,9.2833,74.23,68,2,8.1
499,Warrington,GB,2021-05-31 15:36:40,clear sky,53.3925,-2.5802,74.44,52,0,4.0
500,Tamandare,BR,2021-05-31 15:36:41,scattered clouds,-8.7597,-35.1047,82.51,69,41,7.58
501,Ankang,CN,2021-05-31 15:26:46,light rain,32.68,109.0172,71.65,79,91,4.03
502,Fortuna,US,2021-05-31 15:36:41,broken clouds,40.5982,-124.1573,59.67,83,68,5.5
503,Harlingen,US,2021-05-31 15:36:41,few clouds,26.1906,-97.6961,85.89,71,20,17.27
504,Jibuti,DJ,2021-05-31 15:36:42,scattered clouds,11.5,42.5,87.22,40,36,11.01
505,Cap Malheureux,MU,2021-05-31 15:36:42,clear sky,-19.9842,57.6142,73.89,76,0,3.0
506,Kamalpur,IN,2021-05-31 15:36:43,light rain,24.2,91.8333,75.63,99,100,4.43
507,Rostovka,RU,2021-05-31 15:36:43,light rain,55.3842,71.8891,62.47,93,77,9.04
508,Denizli,TR,2021-05-31 15:36:44,broken clouds,37.8402,29.0698,81.45,42,71,11.1
509,Posse,BR,2021-05-31 15:36:44,scattered clouds,-14.0931,-46.3694,86.49,24,34,5.97
510,Shihezi,CN,2021-05-31 15:36:45,overcast clouds,44.3,86.0333,80.06,17,100,8.01
511,Tautira,PF,2021-05-31 15:33:04,scattered clouds,-17.7333,-149.15,71.62,63,45,14.16
512,Kendari,ID,2021-05-31 15:36:45,overcast clouds,-3.945,122.4989,75.76,92,100,2.39
513,Road Town,VG,2021-05-31 15:36:46,few clouds,18.4167,-64.6167,85.19,70,20,11.5
514,Sakakah,SA,2021-05-31 15:36:46,clear sky,29.9697,40.2064,103.57,9,7,4.27
515,Kolomak,UA,2021-05-31 15:36:46,overcast clouds,49.8399,35.3044,55.89,76,100,9.37
516,Longhua,CN,2021-05-31 15:36:47,light rain,23.6137,114.1919,77.4,99,100,1.16
517,Tarkwa,GH,2021-05-31 15:36:47,light rain,5.3064,-1.9847,82.9,75,91,7.78
518,Port Macquarie,AU,2021-05-31 15:36:48,clear sky,-31.4333,152.9167,49.37,90,7,4.9
519,Cayenne,GF,2021-05-31 15:36:48,broken clouds,4.9333,-52.3333,84.24,79,75,8.72
520,Flinders,AU,2021-05-31 15:36:48,few clouds,-34.5833,150.8552,49.21,83,24,1.01
521,Goundam,ML,2021-05-31 15:29:01,few clouds,16.4145,-3.6708,109.92,6,12,6.2
522,Aleksandrovskiy Zavod,RU,2021-05-31 15:36:49,overcast clouds,50.9237,117.9374,43.16,95,100,4.32
523,Shenkursk,RU,2021-05-31 15:36:49,broken clouds,62.1091,42.896,56.28,49,66,1.19
524,Port Said,EG,2021-05-31 15:36:50,clear sky,31.2565,32.2841,78.78,69,0,17.27
525,Kudahuvadhoo,MV,2021-05-31 15:36:50,scattered clouds,2.6708,72.8944,83.88,72,32,17.52
526,Srandakan,ID,2021-05-31 15:36:51,overcast clouds,-7.9386,110.2506,58.73,89,89,4.12
527,Makakilo City,US,2021-05-31 15:29:38,clear sky,21.3469,-158.0858,71.92,77,1,4.61
528,Seydisehir,TR,2021-05-31 15:36:51,few clouds,37.4193,31.8453,66.38,48,22,9.6
529,Tomatlan,MX,2021-05-31 15:36:52,overcast clouds,19.9333,-105.25,90.1,28,100,4.52
530,Naraina,IN,2021-05-31 15:36:52,broken clouds,26.7833,75.2,98.74,28,53,7.85
531,Penzance,GB,2021-05-31 15:36:53,scattered clouds,50.1186,-5.5371,69.01,67,32,17.27
532,Gazalkent,UZ,2021-05-31 15:36:53,clear sky,41.5581,69.7708,88.16,32,2,8.19
533,Chumikan,RU,2021-05-31 15:36:53,broken clouds,54.7183,135.315,36.77,94,75,2.17
534,Platteville,US,2021-05-31 15:36:54,clear sky,42.7342,-90.4785,67.24,59,1,8.05
535,Ostrovnoy,RU,2021-05-31 15:36:54,overcast clouds,68.0531,39.5131,44.89,83,100,19.15
536,Oro Valley,US,2021-05-31 15:36:55,clear sky,32.3909,-110.9665,86.65,27,0,1.99
537,Epe,NG,2021-05-31 15:36:55,light rain,6.5841,3.9834,83.79,75,98,10.13
538,Plettenberg Bay,ZA,2021-05-31 15:36:55,scattered clouds,-34.0527,23.3716,56.57,77,41,8.61
539,Jizan,SA,2021-05-31 15:36:56,clear sky,17.3333,42.6667,92.34,47,3,6.26
540,Ilave,PE,2021-05-31 15:36:56,overcast clouds,-16.0833,-69.6667,52.61,38,100,4.68
541,Manaure,CO,2021-05-31 15:36:56,overcast clouds,11.7751,-72.4445,88.68,55,98,18.14
542,Forestville,US,2021-05-31 15:36:57,clear sky,38.8451,-76.875,69.55,57,1,10.36
543,Saint Anthony,US,2021-05-31 15:36:57,few clouds,45.0205,-93.218,68.18,75,20,1.99
544,Navirai,BR,2021-05-31 15:35:13,overcast clouds,-23.065,-54.1906,67.26,83,97,2.17
545,Caribou,US,2021-05-31 15:36:58,light rain,46.8606,-68.012,49.28,92,90,4.0
546,Jingdezhen,CN,2021-05-31 15:36:59,light rain,29.2947,117.2079,72.5,79,18,1.88
547,Kokopo,PG,2021-05-31 15:36:59,light rain,-4.352,152.2633,77.36,86,100,8.77
548,Ascension,US,2021-05-31 15:36:59,clear sky,30.2169,-90.9001,83.05,69,1,6.91
549,Barranco,PA,2021-05-31 15:37:00,overcast clouds,9.5167,-82.7,82.35,74,86,2.3
550,Shahr-E Babak,IR,2021-05-31 15:37:00,clear sky,30.1165,55.1186,85.78,7,1,11.97
551,Rockhampton,AU,2021-05-31 15:37:01,clear sky,-23.3833,150.5,58.89,82,4,5.75
552,Blyth,GB,2021-05-31 15:37:01,clear sky,55.1271,-1.5086,73.06,72,0,13.15
553,Hendek,TR,2021-05-31 15:37:02,overcast clouds,40.7994,30.7481,64.72,91,93,2.24
554,Magadan,RU,2021-05-31 15:35:54,light rain,59.5667,150.8,35.22,99,100,2.24
555,Uspenka,UA,2021-05-31 15:37:02,overcast clouds,48.3903,39.1619,65.03,79,100,9.01
556,Kimbe,PG,2021-05-31 15:37:02,light rain,-5.5502,150.1429,76.44,93,100,4.41
557,Cordoba,AR,2021-05-31 15:37:03,clear sky,-31.4135,-64.1811,73.76,28,0,1.99
558,Jinxiang,CN,2021-05-31 15:37:03,overcast clouds,27.4327,120.6062,70.72,88,89,5.59
559,Half Moon Bay,US,2021-05-31 15:37:04,haze,37.4636,-122.4286,76.28,75,1,3.0
560,Beihai,CN,2021-05-31 15:37:04,light rain,21.4833,109.1,85.35,82,95,4.18
561,Sawtell,AU,2021-05-31 15:37:05,few clouds,-30.3833,153.1,50.02,93,18,2.3
562,Siraha,NP,2021-05-31 15:37:05,scattered clouds,26.6541,86.2087,85.78,66,36,13.02
563,San Cosme Y Damian,PY,2021-05-31 15:37:06,clear sky,-27.3167,-56.35,64.58,30,0,4.36
564,Arman,RU,2021-05-31 15:37:06,light rain,59.7,150.1667,35.98,99,100,4.05
565,Okha,RU,2021-05-31 15:27:07,few clouds,53.5739,142.9478,34.23,86,13,8.61
566,Saint-Denis,FR,2021-05-31 15:37:07,clear sky,48.9167,2.3333,76.98,35,0,7.0
567,Kapiri Mposhi,ZM,2021-05-31 15:37:07,clear sky,-13.9652,28.6809,64.81,38,4,6.8
568,Kishapu,TZ,2021-05-31 15:37:07,broken clouds,-3.6167,33.8667,78.21,41,81,7.14
569,Iskilip,TR,2021-05-31 15:37:08,overcast clouds,40.7353,34.4739,62.42,78,87,1.57
570,Cap-Aux-Meules,CA,2021-05-31 15:37:08,overcast clouds,47.3821,-61.8597,50.05,93,90,13.8
571,Celestun,MX,2021-05-31 15:37:09,few clouds,20.8667,-90.4,86.99,54,12,5.99
572,Korla,CN,2021-05-31 15:37:09,overcast clouds,41.7597,86.1469,81.64,17,99,4.9
573,Qasigiannguit,GL,2021-05-31 15:28:58,overcast clouds,68.8193,-51.1922,34.05,91,100,4.03
574,Maxixe,MZ,2021-05-31 15:37:10,broken clouds,-23.8597,35.3472,75.02,69,75,5.75
575,Olafsvik,IS,2021-05-31 15:37:10,overcast clouds,64.8945,-23.7142,46.08,77,85,19.51
576,Lobva,RU,2021-05-31 15:37:11,scattered clouds,59.1854,60.5185,48.99,60,48,3.27
577,Jinchang,CN,2021-05-31 15:29:31,overcast clouds,38.4953,102.1739,67.21,15,100,4.03
578,Malakal,SS,2021-05-31 15:28:41,broken clouds,9.5334,31.6605,102.7,20,64,4.88
579,Erenhot,CN,2021-05-31 15:37:12,clear sky,43.6475,111.9767,49.44,46,3,4.92
580,Pacific Grove,US,2021-05-31 15:29:17,clear sky,36.6177,-121.9166,64.63,90,1,5.01
581,Brigantine,US,2021-05-31 15:37:12,overcast clouds,39.4101,-74.3646,63.27,72,90,9.26
582,Sola,VU,2021-05-31 15:37:13,light rain,-13.8833,167.55,77.67,89,90,5.75
583,Morondava,MG,2021-05-31 15:37:13,clear sky,-20.2833,44.2833,74.84,62,1,10.92
584,Magistralnyy,RU,2021-05-31 15:37:13,overcast clouds,56.1725,107.4458,41.52,94,90,4.0
585,La Primavera,CO,2021-05-31 15:37:14,overcast clouds,5.4906,-70.4092,85.15,66,91,7.63
586,Shahreza,IR,2021-05-31 15:37:14,clear sky,32.0339,51.8794,85.59,10,0,3.02
587,Hovd,MN,2021-05-31 15:37:15,clear sky,48.0056,91.6419,52.25,36,0,5.01
588,Neveklov,CZ,2021-05-31 15:37:15,broken clouds,49.7537,14.5329,65.57,53,61,5.97
589,Sinazongwe,ZM,2021-05-31 15:37:16,broken clouds,-17.2614,27.4618,72.01,46,78,4.18
590,Basco,PH,2021-05-31 15:28:03,broken clouds,20.4487,121.9702,84.4,79,53,5.73
591,Sorland,NO,2021-05-31 15:37:16,overcast clouds,67.667,12.6934,50.07,87,100,4.68
592,Puerto Madryn,AR,2021-05-31 15:37:17,overcast clouds,-42.7692,-65.0385,49.93,62,100,14.09
593,At-Bashi,KG,2021-05-31 15:37:18,light rain,41.1702,75.8106,53.47,84,71,4.76
594,Beppu,JP,2021-05-31 15:37:18,overcast clouds,33.2736,131.4919,67.5,80,100,3.11
595,Roebourne,AU,2021-05-31 15:28:39,overcast clouds,-20.7833,117.1333,71.98,42,95,16.96
596,San Vicente,AR,2021-05-31 15:37:18,clear sky,-26.6167,-54.1333,71.31,24,0,2.55
597,Puerto Leguizamo,CO,2021-05-31 15:37:19,moderate rain,-0.1934,-74.7819,74.26,96,100,2.86
598,Maceio,BR,2021-05-31 15:37:19,broken clouds,-9.6658,-35.7353,80.04,83,75,7.2
599,Vardo,NO,2021-05-31 15:37:20,overcast clouds,70.3705,31.1107,48.4,85,100,25.03
600,Meaford,CA,2021-05-31 15:37:20,broken clouds,44.6001,-80.583,68.61,38,53,7.47
601,Tukrah,LY,2021-05-31 15:37:20,broken clouds,32.5341,20.5791,73.78,57,63,7.76
602,Caldas Novas,BR,2021-05-31 15:37:21,overcast clouds,-17.7417,-48.625,87.15,32,91,5.64
603,Daru,PG,2021-05-31 15:37:21,broken clouds,-9.0763,143.2092,77.47,85,83,16.58
604,Menongue,AO,2021-05-31 15:37:22,clear sky,-14.6585,17.691,71.76,21,1,3.89
605,Izmir,TR,2021-05-31 15:34:35,scattered clouds,38.4622,27.0923,75.15,50,40,16.11
606,Huilong,CN,2021-05-31 15:27:52,light rain,31.8111,121.655,73.04,84,51,12.3
607,Brus Laguna,HN,2021-05-31 15:27:48,broken clouds,15.75,-84.4833,85.87,60,75,4.74
608,Pabrade,LT,2021-05-31 15:37:22,broken clouds,55.0,25.7833,63.03,45,56,2.33
609,Sungaipenuh,ID,2021-05-31 15:37:23,overcast clouds,-2.0833,101.3833,66.49,92,100,1.28
610,Portree,GB,2021-05-31 15:37:23,overcast clouds,57.4129,-6.1942,65.52,46,100,10.96
611,Luderitz,NA,2021-05-31 15:37:24,clear sky,-26.6481,15.1594,63.91,62,0,25.1
612,Lianran,CN,2021-05-31 15:37:25,scattered clouds,24.9227,102.485,70.34,88,35,3.58
613,Whitianga,NZ,2021-05-31 15:29:15,broken clouds,-36.8333,175.7,49.01,84,59,6.76
614,Amapa,BR,2021-05-31 15:37:25,few clouds,1.0,-52.0,85.41,65,17,3.02
615,Badalona,ES,2021-05-31 15:37:25,clear sky,41.45,2.2474,82.63,63,0,3.0
616,Yulara,AU,2021-05-31 15:37:26,overcast clouds,-25.2406,130.9889,60.64,33,90,4.61
617,Acapulco,MX,2021-05-31 15:33:18,scattered clouds,16.8634,-99.8901,85.82,62,40,4.9
618,Yei,SS,2021-05-31 15:37:26,broken clouds,4.095,30.6779,77.11,64,72,2.13
619,Shieli,KZ,2021-05-31 15:37:27,overcast clouds,44.1667,66.75,86.5,25,100,4.81
620,Dali,CN,2021-05-31 15:28:15,few clouds,25.7,100.1833,66.34,71,17,5.84
621,Qaqortoq,GL,2021-05-31 15:37:27,broken clouds,60.7167,-46.0333,46.9,72,84,11.79
622,Labytnangi,RU,2021-05-31 15:37:28,scattered clouds,66.6572,66.4183,45.41,62,48,14.45
623,Salta,AR,2021-05-31 15:37:28,clear sky,-24.7859,-65.4117,62.89,58,0,2.68
624,Ngunguru,NZ,2021-05-31 15:28:38,scattered clouds,-35.6167,174.5,52.16,80,28,11.81
625,Pokrovsk,UA,2021-05-31 15:37:29,overcast clouds,48.282,37.1758,62.42,78,100,10.69
626,Portland,US,2021-05-31 15:27:21,scattered clouds,45.5234,-122.6762,68.05,63,40,1.01
627,Gumdag,TM,2021-05-31 15:37:29,clear sky,39.2061,54.5906,81.34,46,0,15.3
628,Abha,SA,2021-05-31 15:37:30,clear sky,18.2164,42.5053,84.45,9,0,14.45
629,Yahotyn,UA,2021-05-31 15:37:30,overcast clouds,50.2798,31.7625,57.11,76,98,9.33
630,Miramar,US,2021-05-31 15:37:31,few clouds,25.9873,-80.2323,88.02,67,20,8.05
631,Garmsar,IR,2021-05-31 15:37:31,clear sky,35.2182,52.3409,93.29,9,0,7.96
632,Bardiyah,LY,2021-05-31 15:37:31,clear sky,31.7561,25.0865,74.48,56,2,9.51
633,Salekhard,RU,2021-05-31 15:37:32,scattered clouds,66.53,66.6019,46.17,57,42,15.48
634,Buchanan,LR,2021-05-31 15:37:32,light rain,5.8808,-10.0467,87.76,91,100,9.26
635,Xuddur,SO,2021-05-31 15:36:28,overcast clouds,4.1213,43.8894,82.65,49,100,10.78
636,Kodinar,IN,2021-05-31 15:37:33,scattered clouds,20.7903,70.7031,84.09,74,29,13.4
637,Cozumel,MX,2021-05-31 15:37:33,scattered clouds,20.5083,-86.9458,87.87,65,40,3.0
638,Songjianghe,CN,2021-05-31 15:37:34,overcast clouds,42.1859,127.479,53.1,76,100,3.76
639,Eydhafushi,MV,2021-05-31 15:37:34,overcast clouds,5.1033,73.0708,83.41,73,89,20.36
640,Khandwa,IN,2021-05-31 15:37:34,broken clouds,21.8333,76.3333,91.17,42,79,12.71
641,Balaghat,IN,2021-05-31 15:37:35,few clouds,21.8,80.1833,92.8,30,19,3.29
642,Kulhudhuffushi,MV,2021-05-31 15:37:35,overcast clouds,6.6221,73.07,83.07,74,97,20.07
643,Soni,TZ,2021-05-31 15:37:36,overcast clouds,-4.85,38.3667,61.45,90,97,3.47
644,Banepa,NP,2021-05-31 15:37:36,broken clouds,27.6298,85.5214,71.92,78,75,3.31
645,Yarmouth,US,2021-05-31 15:37:37,mist,41.7057,-70.2286,57.34,82,90,7.0
646,Bandarbeyla,SO,2021-05-31 15:29:58,overcast clouds,9.4942,50.8122,79.99,82,86,29.46
647,Houma,US,2021-05-31 15:37:37,clear sky,29.5958,-90.7195,82.99,65,1,10.36
648,Paso De Carrasco,UY,2021-05-31 15:37:38,clear sky,-34.8603,-56.0522,62.74,42,0,17.27
649,Saint-Augustin,CA,2021-05-31 15:37:34,overcast clouds,51.226,-58.6502,51.22,56,100,12.21
650,Manokwari,ID,2021-05-31 15:37:38,overcast clouds,-0.8667,134.0833,78.46,85,100,6.02
651,Abu Samrah,SY,2021-05-31 15:29:41,clear sky,35.3029,37.1841,90.91,14,0,24.92
652,Sisimiut,GL,2021-05-31 15:37:39,overcast clouds,66.9395,-53.6735,34.59,95,100,8.72
653,Sanjwal,PK,2021-05-31 15:37:39,overcast clouds,33.7608,72.4336,85.93,30,91,12.33
654,Miandrivazo,MG,2021-05-31 15:37:40,clear sky,-19.5167,45.4667,76.66,51,6,3.58
655,Storforshei,NO,2021-05-31 15:37:40,scattered clouds,66.4043,14.5233,57.65,54,40,3.98
656,Praia Da Vitoria,PT,2021-05-31 15:37:41,broken clouds,38.7333,-27.0667,64.65,94,75,15.99
657,Dalvik,IS,2021-05-31 15:37:41,overcast clouds,65.9702,-18.5286,55.33,48,85,10.04
658,Jiwani,PK,2021-05-31 15:37:41,clear sky,25.05,61.7417,88.88,67,0,16.67
659,Bonavista,CA,2021-05-31 15:37:42,overcast clouds,48.6499,-53.1147,66.2,61,95,14.16
660,Rocha,UY,2021-05-31 15:37:42,few clouds,-34.4833,-54.3333,61.52,52,11,19.66
661,Nara,JP,2021-05-31 15:37:43,scattered clouds,34.6851,135.8049,69.49,47,27,0.56
662,Nicoya,CR,2021-05-31 15:37:43,few clouds,10.1483,-85.452,85.55,52,11,9.01
663,Liverpool,GB,2021-05-31 15:33:17,clear sky,53.4106,-2.9779,74.44,51,0,5.01
664,Lasem,ID,2021-05-31 15:37:44,overcast clouds,-6.6922,111.4527,78.3,86,95,3.22
665,Guerrero Negro,MX,2021-05-31 15:37:44,clear sky,27.9769,-114.0611,64.38,65,2,9.46
666,Ossora,RU,2021-05-31 15:37:44,broken clouds,59.2353,163.0719,36.37,76,68,2.3
667,Balclutha,NZ,2021-05-31 15:37:45,overcast clouds,-46.2339,169.75,46.6,85,91,3.09
668,Manoel Urbano,BR,2021-05-31 15:37:45,broken clouds,-8.8389,-69.2597,84.76,79,81,3.27
669,Derzhavinsk,KZ,2021-05-31 15:37:45,clear sky,51.1,66.3167,76.86,46,1,12.28
670,Gilgit,PK,2021-05-31 15:37:46,overcast clouds,35.9221,74.3087,72.37,45,88,0.81
671,Opunake,NZ,2021-05-31 15:37:46,overcast clouds,-39.4556,173.8583,53.35,78,91,26.49
672,Santa Fe,AR,2021-05-31 15:37:18,clear sky,-31.6333,-60.7,69.03,37,1,4.0
673,Zhuhai,CN,2021-05-31 15:36:14,moderate rain,22.2769,113.5678,84.11,83,40,12.17
674,Obo,CF,2021-05-31 15:37:47,broken clouds,5.3998,26.4869,82.24,59,64,4.83
